PACKAGE OF 590W PANELS(SINGLE PHASE),,,,,,,,,,,,PACKAGE OF 620W PANELS(SINGLE PHASE),,,,,,,,,,,,PACKAGE OF 650W PANELS(SINGLE PHASE),,,,,,,
NO PANELS,INVERTER SIZE,INVERTER MODEL,PANELS TYPE,Package Name,Invoice Description,PACKAGE Type,Price,,,,,NO PANELS,INVERTER SIZE,INVERTER MODEL,PANELS TYPE,Package Name,Invoice Description,PACKAGE Type,Price,,,,,NO PANELS,INVERTER SIZE,INVERTER MODEL,PANELS TYPE,Package Name,Invoice Description,PACKAGE Type,Price
11,5,1X [1P] SAJ H2 5KW SINGLE PHASE Hybird Inverter,590 Jinko Tiger Neo N-type 72HL4-BDV TOPCon | Bi-Facial,[1P]  HYBIRD SAJ JINKO 11 PCS 590W,"11 X Jinko Tiger Neo N-type 72HL4-BDV TOPCon | Bi-Facial (590W)
1X [1P] SAJ H2 5KW SINGLE PHASE Hybird Inverter
1X SEDA ATAP SOLAR Application
TNB Smart Meter Application
Solar System Architecture Design
Electrical System Design
Roof and Site Surveying
Roof Panel Installation
Electrical Works
SkyLift",Residential," RM23,845.00 ",,,,,10,5,1X [1P] SAJ H2 5KW SINGLE PHASE Hybird Inverter,620W Jinko Tiger Neo N-type 66HL4M-BDV TOPCon | Bi-Facial  ,[1P] HYBIRD SAJ JINKO 10 PCS 620W,"10X Jinko Tiger Neo N-type 66HL4M-BDV TOPCon | Bi-Facial  (620W)
1X [1P] SAJ H2 5KW SINGLE PHASE Hybird Inverter
1X SEDA ATAP SOLAR Application
TNB Smart Meter Application
Solar System Architecture Design
Electrical System Design
Roof and Site Surveying
Roof Panel Installation
Electrical Works
SkyLift",Residential," RM21,494.00 ",,,,,10,5,1X [1P] SAJ H2 5KW SINGLE PHASE Hybird Inverter,650W JinkoSolar TIGER NEO 3.0 Panel N-Type TOPCon  ,[1P] HYBIRD SAJ JINKO 10 PCS 650W,"10X 650W JinkoSolar TIGER NEO 3.0 Panel N-Type TOPCon  
1X [1P] SAJ H2 5KW SINGLE PHASE Hybird Inverter
1X SEDA ATAP Application
TNB Smart Meter Application
Solar System Architecture Design
Electrical System Design
Roof and Site Surveying
Roof Panel Installation
Electrical Works
SkyLift",Residential," RM22,195.00 "
12,5,1X [1P] SAJ H2 5KW SINGLE PHASE Hybird Inverter,590 Jinko Tiger Neo N-type 72HL4-BDV TOPCon | Bi-Facial,[1P]  HYBIRD SAJ JINKO 12 PCS 590W,"12 X Jinko Tiger Neo N-type 72HL4-BDV TOPCon | Bi-Facial (590W)
1X [1P] SAJ H2 5KW SINGLE PHASE Hybird Inverter
1X SEDA ATAP SOLAR Application
TNB Smart Meter Application
Solar System Architecture Design
Electrical System Design
Roof and Site Surveying
Roof Panel Installation
Electrical Works
SkyLift",Residential," RM24,864.00 ",,,,,11,5,1X [1P] SAJ H2 5KW SINGLE PHASE Hybird Inverter,620W Jinko Tiger Neo N-type 66HL4M-BDV TOPCon | Bi-Facial  ,[1P] HYBIRD SAJ JINKO 11 PCS 620W,"11X Jinko Tiger Neo N-type 66HL4M-BDV TOPCon | Bi-Facial  (620W)
1X [1P] SAJ H2 5KW SINGLE PHASE Hybird Inverter
1X SEDA ATAP SOLAR Application
TNB Smart Meter Application
Solar System Architecture Design
Electrical System Design
Roof and Site Surveying
Roof Panel Installation
Electrical Works
SkyLift",Residential," RM24,208.00 ",,,,,11,5,1X [1P] SAJ H2 5KW SINGLE PHASE Hybird Inverter,650W JinkoSolar TIGER NEO 3.0 Panel N-Type TOPCon  ,[1P] HYBIRD SAJ JINKO 11 PCS 650W,"11X 650W JinkoSolar TIGER NEO 3.0 Panel N-Type TOPCon  
1X [1P] SAJ H2 5KW SINGLE PHASE Hybird Inverter
1X SEDA ATAP Application
TNB Smart Meter Application
Solar System Architecture Design
Electrical System Design
Roof and Site Surveying
Roof Panel Installation
Electrical Works
SkyLift",Residential," RM24,975.00 "
13,6,1X [1P] SAJ H2 6KW SINGLE PHASE Hybird Inverter,590 Jinko Tiger Neo N-type 72HL4-BDV TOPCon | Bi-Facial,[1P]  HYBIRD SAJ JINKO 13 PCS 590W,"13 X Jinko Tiger Neo N-type 72HL4-BDV TOPCon | Bi-Facial (590W)
1X [1P] SAJ H2 6KW SINGLE PHASE Hybird Inverter
1X SEDA ATAP SOLAR Application
TNB Smart Meter Application
Solar System Architecture Design
Electrical System Design
Roof and Site Surveying
Roof Panel Installation
Electrical Works
SkyLift",Residential," RM26,053.00 ",,,,,12,5,1X [1P] SAJ H2 5KW SINGLE PHASE Hybird Inverter,620W Jinko Tiger Neo N-type 66HL4M-BDV TOPCon | Bi-Facial  ,[1P] HYBIRD SAJ JINKO 12 PCS 620W,"12X Jinko Tiger Neo N-type 66HL4M-BDV TOPCon | Bi-Facial  (620W)
1X [1P] SAJ H2 5KW SINGLE PHASE Hybird Inverter
1X SEDA ATAP SOLAR Application
TNB Smart Meter Application
Solar System Architecture Design
Electrical System Design
Roof and Site Surveying
Roof Panel Installation
Electrical Works
SkyLift",Residential," RM25,260.00 ",,,,,12,5,1X [1P] SAJ H2 5KW SINGLE PHASE Hybird Inverter,650W JinkoSolar TIGER NEO 3.0 Panel N-Type TOPCon  ,[1P] HYBIRD SAJ JINKO 12 PCS 650W,"12X 650W JinkoSolar TIGER NEO 3.0 Panel N-Type TOPCon  
1X [1P] SAJ H2 5KW SINGLE PHASE Hybird Inverter
1X SEDA ATAP Application
TNB Smart Meter Application
Solar System Architecture Design
Electrical System Design
Roof and Site Surveying
Roof Panel Installation
Electrical Works
SkyLift",Residential," RM26,100.00 "
14,6,1X [1P] SAJ H2 6KW SINGLE PHASE Hybird Inverter,590 Jinko Tiger Neo N-type 72HL4-BDV TOPCon | Bi-Facial,[1P]  HYBIRD SAJ JINKO 14 PCS 590W,"14 X Jinko Tiger Neo N-type 72HL4-BDV TOPCon | Bi-Facial (590W)
1X [1P] SAJ H2 6KW SINGLE PHASE Hybird Inverter
1X SEDA ATAP SOLAR Application
TNB Smart Meter Application
Solar System Architecture Design
Electrical System Design
Roof and Site Surveying
Roof Panel Installation
Electrical Works
SkyLift",Residential," RM27,718.00 ",,,,,13,6,1X [1P] SAJ H2 6KW SINGLE PHASE Hybird Inverter,620W Jinko Tiger Neo N-type 66HL4M-BDV TOPCon | Bi-Facial  ,[1P] HYBIRD SAJ JINKO 13 PCS 620W,"13X Jinko Tiger Neo N-type 66HL4M-BDV TOPCon | Bi-Facial  (620W)
1X [1P] SAJ H2 6KW SINGLE PHASE Hybird Inverter
1X SEDA ATAP SOLAR Application
TNB Smart Meter Application
Solar System Architecture Design
Electrical System Design
Roof and Site Surveying
Roof Panel Installation
Electrical Works
SkyLift",Residential," RM26,482.00 ",,,,,13,6,1X [1P] SAJ H2 6KW SINGLE PHASE Hybird Inverter,650W JinkoSolar TIGER NEO 3.0 Panel N-Type TOPCon  ,[1P] HYBIRD SAJ JINKO 13 PCS 650W,"13X 650W JinkoSolar TIGER NEO 3.0 Panel N-Type TOPCon  
1X [1P] SAJ H2 6KW SINGLE PHASE Hybird Inverter
1X SEDA ATAP Application
TNB Smart Meter Application
Solar System Architecture Design
Electrical System Design
Roof and Site Surveying
Roof Panel Installation
Electrical Works
SkyLift",Residential," RM27,390.00 "
15,6,1X [1P] SAJ H2 6KW SINGLE PHASE Hybird Inverter,590 Jinko Tiger Neo N-type 72HL4-BDV TOPCon | Bi-Facial,[1P]  HYBIRD SAJ JINKO 15 PCS 590W,"15 X Jinko Tiger Neo N-type 72HL4-BDV TOPCon | Bi-Facial (590W)
1X [1P] SAJ H2 6KW SINGLE PHASE Hybird Inverter
1X SEDA ATAP SOLAR Application
TNB Smart Meter Application
Solar System Architecture Design
Electrical System Design
Roof and Site Surveying
Roof Panel Installation
Electrical Works
SkyLift",Residential," RM28,713.00 ",,,,,14,6,1X [1P] SAJ H2 6KW SINGLE PHASE Hybird Inverter,620W Jinko Tiger Neo N-type 66HL4M-BDV TOPCon | Bi-Facial  ,[1P] HYBIRD SAJ JINKO 14 PCS 620W,"14X Jinko Tiger Neo N-type 66HL4M-BDV TOPCon | Bi-Facial  (620W)
1X [1P] SAJ H2 6KW SINGLE PHASE Hybird Inverter
1X SEDA ATAP SOLAR Application
TNB Smart Meter Application
Solar System Architecture Design
Electrical System Design
Roof and Site Surveying
Roof Panel Installation
Electrical Works
SkyLift",Residential," RM27,930.00 ",,,,,14,6,1X [1P] SAJ H2 6KW SINGLE PHASE Hybird Inverter,650W JinkoSolar TIGER NEO 3.0 Panel N-Type TOPCon  ,[1P] HYBIRD SAJ JINKO 14 PCS 650W,"14X 650W JinkoSolar TIGER NEO 3.0 Panel N-Type TOPCon  
1X [1P] SAJ H2 6KW SINGLE PHASE Hybird Inverter
1X SEDA ATAP Application
TNB Smart Meter Application
Solar System Architecture Design
Electrical System Design
Roof and Site Surveying
Roof Panel Installation
Electrical Works
SkyLift",Residential," RM28,910.00 "
16,6,1X [1P] SAJ H2 6KW SINGLE PHASE Hybird Inverter,590 Jinko Tiger Neo N-type 72HL4-BDV TOPCon | Bi-Facial,[1P]  HYBIRD SAJ JINKO 16 PCS 590W,"16 X Jinko Tiger Neo N-type 72HL4-BDV TOPCon | Bi-Facial (590W)
1X [1P] SAJ H2 6KW SINGLE PHASE Hybird Inverter
1X SEDA ATAP SOLAR Application
TNB Smart Meter Application
Solar System Architecture Design
Electrical System Design
Roof and Site Surveying
Roof Panel Installation
Electrical Works
SkyLift",Residential," RM30,166.00 ",,,,,15,6,1X [1P] SAJ H2 6KW SINGLE PHASE Hybird Inverter,620W Jinko Tiger Neo N-type 66HL4M-BDV TOPCon | Bi-Facial  ,[1P] HYBIRD SAJ JINKO 15 PCS 620W,"15X Jinko Tiger Neo N-type 66HL4M-BDV TOPCon | Bi-Facial  (620W)
1X [1P] SAJ H2 6KW SINGLE PHASE Hybird Inverter
1X SEDA ATAP SOLAR Application
TNB Smart Meter Application
Solar System Architecture Design
Electrical System Design
Roof and Site Surveying
Roof Panel Installation
Electrical Works
SkyLift",Residential," RM28,958.00 ",,,,,15,6,1X [1P] SAJ H2 6KW SINGLE PHASE Hybird Inverter,650W JinkoSolar TIGER NEO 3.0 Panel N-Type TOPCon  ,[1P] HYBIRD SAJ JINKO 15 PCS 650W,"15X 650W JinkoSolar TIGER NEO 3.0 Panel N-Type TOPCon  
1X [1P] SAJ H2 6KW SINGLE PHASE Hybird Inverter
1X SEDA ATAP Application
TNB Smart Meter Application
Solar System Architecture Design
Electrical System Design
Roof and Site Surveying
Roof Panel Installation
Electrical Works
SkyLift",Residential," RM30,010.00 "
17,6,1X [1P] SAJ H2 6KW SINGLE PHASE Hybird Inverter,590 Jinko Tiger Neo N-type 72HL4-BDV TOPCon | Bi-Facial,[1P]  HYBIRD SAJ JINKO 17 PCS 590W,"17 X Jinko Tiger Neo N-type 72HL4-BDV TOPCon | Bi-Facial (590W)
1X [1P] SAJ H2 6KW SINGLE PHASE Hybird Inverter
1X SEDA ATAP SOLAR Application
TNB Smart Meter Application
Solar System Architecture Design
Electrical System Design
Roof and Site Surveying
Roof Panel Installation
Electrical Works
SkyLift",Residential," RM31,179.00 ",,,,,16,6,1X [1P] SAJ H2 6KW SINGLE PHASE Hybird Inverter,620W Jinko Tiger Neo N-type 66HL4M-BDV TOPCon | Bi-Facial  ,[1P] HYBIRD SAJ JINKO 16 PCS 620W,"16X Jinko Tiger Neo N-type 66HL4M-BDV TOPCon | Bi-Facial  (620W)
1X [1P] SAJ H2 6KW SINGLE PHASE Hybird Inverter
1X SEDA ATAP SOLAR Application
TNB Smart Meter Application
Solar System Architecture Design
Electrical System Design
Roof and Site Surveying
Roof Panel Installation
Electrical Works
SkyLift",Residential," RM30,694.00 ",,,,,16,6,1X [1P] SAJ H2 6KW SINGLE PHASE Hybird Inverter,650W JinkoSolar TIGER NEO 3.0 Panel N-Type TOPCon  ,[1P] HYBIRD SAJ JINKO 16 PCS 650W,"16X 650W JinkoSolar TIGER NEO 3.0 Panel N-Type TOPCon  
1X [1P] SAJ H2 6KW SINGLE PHASE Hybird Inverter
1X SEDA ATAP Application
TNB Smart Meter Application
Solar System Architecture Design
Electrical System Design
Roof and Site Surveying
Roof Panel Installation
Electrical Works
SkyLift",Residential," RM31,820.00 "
18,8,1X [1P] SAJ H2 8KW SINGLE PHASE Hybird Inverter,590 Jinko Tiger Neo N-type 72HL4-BDV TOPCon | Bi-Facial,[1P]  HYBIRD SAJ JINKO 18 PCS 590W,"18 X Jinko Tiger Neo N-type 72HL4-BDV TOPCon | Bi-Facial (590W)
1X [1P] SAJ H2 8KW SINGLE PHASE Hybird Inverter
1X SEDA ATAP SOLAR Application
TNB Smart Meter Application
Solar System Architecture Design
Electrical System Design
Roof and Site Surveying
Roof Panel Installation
Electrical Works
SkyLift",Residential," RM33,397.00 ",,,,,17,8,1X [1P] SAJ H2 8KW SINGLE PHASE Hybird Inverter,620W Jinko Tiger Neo N-type 66HL4M-BDV TOPCon | Bi-Facial  ,[1P] HYBIRD SAJ JINKO 17 PCS 620W,"17X Jinko Tiger Neo N-type 66HL4M-BDV TOPCon | Bi-Facial  (620W)
1X [1P] SAJ H2 8KW SINGLE PHASE Hybird Inverter
1X SEDA ATAP SOLAR Application
TNB Smart Meter Application
Solar System Architecture Design
Electrical System Design
Roof and Site Surveying
Roof Panel Installation
Electrical Works
SkyLift",Residential," RM32,710.00 ",,,,,17,8,1X [1P] SAJ H2 8KW SINGLE PHASE Hybird Inverter,650W JinkoSolar TIGER NEO 3.0 Panel N-Type TOPCon  ,[1P] HYBIRD SAJ JINKO 17 PCS 650W,"17X 650W JinkoSolar TIGER NEO 3.0 Panel N-Type TOPCon  
1X [1P] SAJ H2 8KW SINGLE PHASE Hybird Inverter
1X SEDA ATAP Application
TNB Smart Meter Application
Solar System Architecture Design
Electrical System Design
Roof and Site Surveying
Roof Panel Installation
Electrical Works
SkyLift",Residential," RM33,900.00 "
,,,,,,,,,,,,18,8,1X [1P] SAJ H2 8KW SINGLE PHASE Hybird Inverter,620W Jinko Tiger Neo N-type 66HL4M-BDV TOPCon | Bi-Facial  ,[1P] HYBIRD SAJ JINKO 18 PCS 620W,"18X Jinko Tiger Neo N-type 66HL4M-BDV TOPCon | Bi-Facial  (620W)
1X [1P] SAJ H2 8KW SINGLE PHASE Hybird Inverter
1X SEDA ATAP SOLAR Application
TNB Smart Meter Application
Solar System Architecture Design
Electrical System Design
Roof and Site Surveying
Roof Panel Installation
Electrical Works
SkyLift",Residential," RM33,991.00 ",,,,,18,8,1X [1P] SAJ H2 8KW SINGLE PHASE Hybird Inverter,650W JinkoSolar TIGER NEO 3.0 Panel N-Type TOPCon  ,[1P] HYBIRD SAJ JINKO 18 PCS 650W,"18X 650W JinkoSolar TIGER NEO 3.0 Panel N-Type TOPCon  
1X [1P] SAJ H2 8KW SINGLE PHASE Hybird Inverter
1X SEDA ATAP Application
TNB Smart Meter Application
Solar System Architecture Design
Electrical System Design
Roof and Site Surveying
Roof Panel Installation
Electrical Works
SkyLift",Residential," RM35,250.00 "
,,,,,,,,,,,,,,,,,,,,,,,,,,,,,,,
,,,,,,,,,,,,,,,,,,,,,,,,,,,,,,,
,,,,,,,,,,,,,,,,,,,,,,,,,,,,,,,
,,,,,,,,,,,,,,,,,,,,,,,,,,,,,,,
PACKAGE OF 590W PANELS(THREE PHASE),,,,,,,,,,,,PACKAGE OF 620W PANELS(THREE PHASE),,,,,,,,,,,,PACKAGE OF 650W PANELS(THREE PHASE),,,,,,,
NO PANELS,INVERTER SIZE,INVERTER MODEL,PANELS TYPE,Package Name,Invoice Description,PACKAGE Type,Price,,,,,NO PANELS,INVERTER SIZE,INVERTER MODEL,PANELS TYPE,Package Name,Invoice Description,PACKAGE Type,Price,,,,,NO PANELS,INVERTER SIZE,INVERTER MODEL,PANELS TYPE,Package Name,Invoice Description,PACKAGE Type,Price
15,8,1X [3P] SAJ H2 8KW THREE PHASE Hybird Inverter,590 Jinko Tiger Neo N-type 72HL4-BDV TOPCon | Bi-Facial,[3P] HYBIRD SAJ JINKO 15 PCS 590W,"15 X Jinko Tiger Neo N-type 72HL4-BDV TOPCon | Bi-Facial (590W)
1X [3P] SAJ H2 8KW THREE PHASE Hybird Inverter
1X SEDA ATAP SOLAR Application
TNB Smart Meter Application
Solar System Architecture Design
Electrical System Design
Roof and Site Surveying
Roof Panel Installation
Electrical Works
SkyLift",Residential," RM28,413.00 ",,,,,14,8,1X [3P] SAJ H2 8KW THREE PHASE Hybird Inverter,620W Jinko Tiger Neo N-type 66HL4M-BDV TOPCon | Bi-Facial  ,[3P] HYBIRD SAJ JINKO 14 PCS 620W,"14X Jinko Tiger Neo N-type 66HL4M-BDV TOPCon | Bi-Facial  (620W)
1X [3P] SAJ H2 8KW THREE PHASE Hybird Inverter
1X SEDA ATAP SOLAR Application
TNB Smart Meter Application
Solar System Architecture Design
Electrical System Design
Roof and Site Surveying
Roof Panel Installation
Electrical Works
SkyLift",Residential," RM30,260.00 ",,,,,13,8,1X [3P] SAJ H2 8KW THREE PHASE Hybird Inverter,650W JinkoSolar TIGER NEO 3.0 Panel N-Type TOPCon  ,[3P] HYBIRD SAJ JINKO 13 PCS 650W,"13X 650W JinkoSolar TIGER NEO 3.0 Panel N-Type TOPCon  
1X [3P] SAJ H2 8KW THREE PHASE Hybird Inverter
1X SEDA ATAP Application
TNB Smart Meter Application
Solar System Architecture Design
Electrical System Design
Roof and Site Surveying
Roof Panel Installation
Electrical Works
SkyLift",Residential," RM29,750.00 "
16,8,1X [3P] SAJ H2 8KW THREE PHASE Hybird Inverter,590 Jinko Tiger Neo N-type 72HL4-BDV TOPCon | Bi-Facial,[3P] HYBIRD SAJ JINKO 16 PCS 590W,"16 X Jinko Tiger Neo N-type 72HL4-BDV TOPCon | Bi-Facial (590W)
1X [3P] SAJ H2 8KW THREE PHASE Hybird Inverter
1X SEDA ATAP SOLAR Application
TNB Smart Meter Application
Solar System Architecture Design
Electrical System Design
Roof and Site Surveying
Roof Panel Installation
Electrical Works
SkyLift",Residential," RM31,746.00 ",,,,,15,8,1X [3P] SAJ H2 8KW THREE PHASE Hybird Inverter,620W Jinko Tiger Neo N-type 66HL4M-BDV TOPCon | Bi-Facial  ,[3P] HYBIRD SAJ JINKO 15 PCS 620W,"15X Jinko Tiger Neo N-type 66HL4M-BDV TOPCon | Bi-Facial  (620W)
1X [3P] SAJ H2 8KW THREE PHASE Hybird Inverter
1X SEDA ATAP SOLAR Application
TNB Smart Meter Application
Solar System Architecture Design
Electrical System Design
Roof and Site Surveying
Roof Panel Installation
Electrical Works
SkyLift",Residential," RM30,538.00 ",,,,,14,8,1X [3P] SAJ H2 8KW THREE PHASE Hybird Inverter,650W JinkoSolar TIGER NEO 3.0 Panel N-Type TOPCon  ,[3P] HYBIRD SAJ JINKO 14 PCS 650W,"14X 650W JinkoSolar TIGER NEO 3.0 Panel N-Type TOPCon  
1X [3P] SAJ H2 8KW THREE PHASE Hybird Inverter
1X SEDA ATAP Application
TNB Smart Meter Application
Solar System Architecture Design
Electrical System Design
Roof and Site Surveying
Roof Panel Installation
Electrical Works
SkyLift",Residential," RM31,240.00 "
17,8,1X [3P] SAJ H2 8KW THREE PHASE Hybird Inverter,590 Jinko Tiger Neo N-type 72HL4-BDV TOPCon | Bi-Facial,[3P] HYBIRD SAJ JINKO 17 PCS 590W,"17 X Jinko Tiger Neo N-type 72HL4-BDV TOPCon | Bi-Facial (590W)
1X [3P] SAJ H2 8KW THREE PHASE Hybird Inverter
1X SEDA ATAP SOLAR Application
TNB Smart Meter Application
Solar System Architecture Design
Electrical System Design
Roof and Site Surveying
Roof Panel Installation
Electrical Works
SkyLift",Residential," RM32,759.00 ",,,,,16,8,1X [3P] SAJ H2 8KW THREE PHASE Hybird Inverter,620W Jinko Tiger Neo N-type 66HL4M-BDV TOPCon | Bi-Facial  ,[3P] HYBIRD SAJ JINKO 16 PCS 620W,"16X Jinko Tiger Neo N-type 66HL4M-BDV TOPCon | Bi-Facial  (620W)
1X [3P] SAJ H2 8KW THREE PHASE Hybird Inverter
1X SEDA ATAP SOLAR Application
TNB Smart Meter Application
Solar System Architecture Design
Electrical System Design
Roof and Site Surveying
Roof Panel Installation
Electrical Works
SkyLift",Residential," RM32,274.00 ",,,,,15,8,1X [3P] SAJ H2 8KW THREE PHASE Hybird Inverter,650W JinkoSolar TIGER NEO 3.0 Panel N-Type TOPCon  ,[3P] HYBIRD SAJ JINKO 15 PCS 650W,"15X 650W JinkoSolar TIGER NEO 3.0 Panel N-Type TOPCon  
1X [3P] SAJ H2 8KW THREE PHASE Hybird Inverter
1X SEDA ATAP Application
TNB Smart Meter Application
Solar System Architecture Design
Electrical System Design
Roof and Site Surveying
Roof Panel Installation
Electrical Works
SkyLift",Residential," RM32,340.00 "
18,8,1X [3P] SAJ H2 8KW THREE PHASE Hybird Inverter,590 Jinko Tiger Neo N-type 72HL4-BDV TOPCon | Bi-Facial,[3P] HYBIRD SAJ JINKO 18 PCS 590W,"18 X Jinko Tiger Neo N-type 72HL4-BDV TOPCon | Bi-Facial (590W)
1X [3P] SAJ H2 8KW THREE PHASE Hybird Inverter
1X SEDA ATAP SOLAR Application
TNB Smart Meter Application
Solar System Architecture Design
Electrical System Design
Roof and Site Surveying
Roof Panel Installation
Electrical Works
SkyLift",Residential," RM34,287.00 ",,,,,17,8,1X [3P] SAJ H2 8KW THREE PHASE Hybird Inverter,620W Jinko Tiger Neo N-type 66HL4M-BDV TOPCon | Bi-Facial  ,[3P] HYBIRD SAJ JINKO 17 PCS 620W,"17X Jinko Tiger Neo N-type 66HL4M-BDV TOPCon | Bi-Facial  (620W)
1X [3P] SAJ H2 8KW THREE PHASE Hybird Inverter
1X SEDA ATAP SOLAR Application
TNB Smart Meter Application
Solar System Architecture Design
Electrical System Design
Roof and Site Surveying
Roof Panel Installation
Electrical Works
SkyLift",Residential," RM33,600.00 ",,,,,16,8,1X [3P] SAJ H2 8KW THREE PHASE Hybird Inverter,650W JinkoSolar TIGER NEO 3.0 Panel N-Type TOPCon  ,[3P] HYBIRD SAJ JINKO 16 PCS 650W,"16X 650W JinkoSolar TIGER NEO 3.0 Panel N-Type TOPCon  
1X [3P] SAJ H2 8KW THREE PHASE Hybird Inverter
1X SEDA ATAP Application
TNB Smart Meter Application
Solar System Architecture Design
Electrical System Design
Roof and Site Surveying
Roof Panel Installation
Electrical Works
SkyLift",Residential," RM34,150.00 "
19,8,1X [3P] SAJ H2 8KW THREE PHASE Hybird Inverter,590 Jinko Tiger Neo N-type 72HL4-BDV TOPCon | Bi-Facial,[3P] HYBIRD SAJ JINKO 19 PCS 590W,"19 X Jinko Tiger Neo N-type 72HL4-BDV TOPCon | Bi-Facial (590W)
1X [3P] SAJ H2 8KW THREE PHASE Hybird Inverter
1X SEDA ATAP SOLAR Application
TNB Smart Meter Application
Solar System Architecture Design
Electrical System Design
Roof and Site Surveying
Roof Panel Installation
Electrical Works
SkyLift",Residential," RM36,960.00 ",,,,,18,8,1X [3P] SAJ H2 8KW THREE PHASE Hybird Inverter,620W Jinko Tiger Neo N-type 66HL4M-BDV TOPCon | Bi-Facial  ,[3P] HYBIRD SAJ JINKO 18 PCS 620W,"18X Jinko Tiger Neo N-type 66HL4M-BDV TOPCon | Bi-Facial  (620W)
1X [3P] SAJ H2 8KW THREE PHASE Hybird Inverter
1X SEDA ATAP SOLAR Application
TNB Smart Meter Application
Solar System Architecture Design
Electrical System Design
Roof and Site Surveying
Roof Panel Installation
Electrical Works
SkyLift",Residential," RM34,881.00 ",,,,,17,8,1X [3P] SAJ H2 8KW THREE PHASE Hybird Inverter,650W JinkoSolar TIGER NEO 3.0 Panel N-Type TOPCon  ,[3P] HYBIRD SAJ JINKO 17 PCS 650W,"17X 650W JinkoSolar TIGER NEO 3.0 Panel N-Type TOPCon  
1X [3P] SAJ H2 8KW THREE PHASE Hybird Inverter
1X SEDA ATAP Application
TNB Smart Meter Application
Solar System Architecture Design
Electrical System Design
Roof and Site Surveying
Roof Panel Installation
Electrical Works
SkyLift",Residential," RM35,540.00 "
20,8,1X [3P] SAJ H2 8KW THREE PHASE Hybird Inverter,590 Jinko Tiger Neo N-type 72HL4-BDV TOPCon | Bi-Facial,[3P] HYBIRD SAJ JINKO 20 PCS 590W,"20 X Jinko Tiger Neo N-type 72HL4-BDV TOPCon | Bi-Facial (590W)
1X [3P] SAJ H2 8KW THREE PHASE Hybird Inverter
1X SEDA ATAP SOLAR Application
TNB Smart Meter Application
Solar System Architecture Design
Electrical System Design
Roof and Site Surveying
Roof Panel Installation
Electrical Works
SkyLift",Residential," RM38,314.00 ",,,,,19,8,1X [3P] SAJ H2 8KW THREE PHASE Hybird Inverter,620W Jinko Tiger Neo N-type 66HL4M-BDV TOPCon | Bi-Facial  ,[3P] HYBIRD SAJ JINKO 19 PCS 620W,"19X Jinko Tiger Neo N-type 66HL4M-BDV TOPCon | Bi-Facial  (620W)
1X [3P] SAJ H2 8KW THREE PHASE Hybird Inverter
1X SEDA ATAP SOLAR Application
TNB Smart Meter Application
Solar System Architecture Design
Electrical System Design
Roof and Site Surveying
Roof Panel Installation
Electrical Works
SkyLift",Residential," RM38,387.00 ",,,,,18,8,1X [3P] SAJ H2 8KW THREE PHASE Hybird Inverter,650W JinkoSolar TIGER NEO 3.0 Panel N-Type TOPCon  ,[3P] HYBIRD SAJ JINKO 18 PCS 650W,"18X 650W JinkoSolar TIGER NEO 3.0 Panel N-Type TOPCon  
1X [3P] SAJ H2 8KW THREE PHASE Hybird Inverter
1X SEDA ATAP Application
TNB Smart Meter Application
Solar System Architecture Design
Electrical System Design
Roof and Site Surveying
Roof Panel Installation
Electrical Works
SkyLift",Residential," RM36,890.00 "
21,10,1X [3P] SAJ H2 10KW THREE PHASE Hybird Inverter,590 Jinko Tiger Neo N-type 72HL4-BDV TOPCon | Bi-Facial,[3P] HYBIRD SAJ JINKO 21 PCS 590W,"21 X Jinko Tiger Neo N-type 72HL4-BDV TOPCon | Bi-Facial (590W)
1X [3P] SAJ H2 10KW THREE PHASE Hybird Inverter
1X SEDA ATAP SOLAR Application
TNB Smart Meter Application
Solar System Architecture Design
Electrical System Design
Roof and Site Surveying
Roof Panel Installation
Electrical Works
SkyLift",Residential," RM39,438.00 ",,,,,20,10,1X [3P] SAJ H2 10KW THREE PHASE Hybird Inverter,620W Jinko Tiger Neo N-type 66HL4M-BDV TOPCon | Bi-Facial  ,[3P] HYBIRD SAJ JINKO 20 PCS 620W,"20X Jinko Tiger Neo N-type 66HL4M-BDV TOPCon | Bi-Facial  (620W)
1X [3P] SAJ H2 10KW THREE PHASE Hybird Inverter
1X SEDA ATAP SOLAR Application
TNB Smart Meter Application
Solar System Architecture Design
Electrical System Design
Roof and Site Surveying
Roof Panel Installation
Electrical Works
SkyLift",Residential," RM39,004.00 ",,,,,19,10,1X [3P] SAJ H2 10KW THREE PHASE Hybird Inverter,650W JinkoSolar TIGER NEO 3.0 Panel N-Type TOPCon  ,[3P] HYBIRD SAJ JINKO 19 PCS 650W,"19X 650W JinkoSolar TIGER NEO 3.0 Panel N-Type TOPCon  
1X [3P] SAJ H2 10KW THREE PHASE Hybird Inverter
1X SEDA ATAP Application
TNB Smart Meter Application
Solar System Architecture Design
Electrical System Design
Roof and Site Surveying
Roof Panel Installation
Electrical Works
SkyLift",Residential," RM38,950.00 "
22,10,1X [3P] SAJ H2 10KW THREE PHASE Hybird Inverter,590 Jinko Tiger Neo N-type 72HL4-BDV TOPCon | Bi-Facial,[3P] HYBIRD SAJ JINKO 22 PCS 590W,"22 X Jinko Tiger Neo N-type 72HL4-BDV TOPCon | Bi-Facial (590W)
1X [3P] SAJ H2 10KW THREE PHASE Hybird Inverter
1X SEDA ATAP SOLAR Application
TNB Smart Meter Application
Solar System Architecture Design
Electrical System Design
Roof and Site Surveying
Roof Panel Installation
Electrical Works
SkyLift",Residential," RM40,548.00 ",,,,,21,10,1X [3P] SAJ H2 10KW THREE PHASE Hybird Inverter,620W Jinko Tiger Neo N-type 66HL4M-BDV TOPCon | Bi-Facial  ,[3P] HYBIRD SAJ JINKO 21 PCS 620W,"21X Jinko Tiger Neo N-type 66HL4M-BDV TOPCon | Bi-Facial  (620W)
1X [3P] SAJ H2 10KW THREE PHASE Hybird Inverter
1X SEDA ATAP SOLAR Application
TNB Smart Meter Application
Solar System Architecture Design
Electrical System Design
Roof and Site Surveying
Roof Panel Installation
Electrical Works
SkyLift",Residential," RM40,131.00 ",,,,,20,10,1X [3P] SAJ H2 10KW THREE PHASE Hybird Inverter,650W JinkoSolar TIGER NEO 3.0 Panel N-Type TOPCon  ,[3P] HYBIRD SAJ JINKO 20 PCS 650W,"20X 650W JinkoSolar TIGER NEO 3.0 Panel N-Type TOPCon  
1X [3P] SAJ H2 10KW THREE PHASE Hybird Inverter
1X SEDA ATAP Application
TNB Smart Meter Application
Solar System Architecture Design
Electrical System Design
Roof and Site Surveying
Roof Panel Installation
Electrical Works
SkyLift",Residential," RM40,405.00 "
23,10,1X [3P] SAJ H2 10KW THREE PHASE Hybird Inverter,590 Jinko Tiger Neo N-type 72HL4-BDV TOPCon | Bi-Facial,[3P] HYBIRD SAJ JINKO 23 PCS 590W,"23 X Jinko Tiger Neo N-type 72HL4-BDV TOPCon | Bi-Facial (590W)
1X [3P] SAJ H2 10KW THREE PHASE Hybird Inverter
1X SEDA ATAP SOLAR Application
TNB Smart Meter Application
Solar System Architecture Design
Electrical System Design
Roof and Site Surveying
Roof Panel Installation
Electrical Works
SkyLift",Residential," RM41,550.00 ",,,,,22,10,1X [3P] SAJ H2 10KW THREE PHASE Hybird Inverter,620W Jinko Tiger Neo N-type 66HL4M-BDV TOPCon | Bi-Facial  ,[3P] HYBIRD SAJ JINKO 22 PCS 620W,"22X Jinko Tiger Neo N-type 66HL4M-BDV TOPCon | Bi-Facial  (620W)
1X [3P] SAJ H2 10KW THREE PHASE Hybird Inverter
1X SEDA ATAP SOLAR Application
TNB Smart Meter Application
Solar System Architecture Design
Electrical System Design
Roof and Site Surveying
Roof Panel Installation
Electrical Works
SkyLift",Residential," RM41,274.00 ",,,,,21,10,1X [3P] SAJ H2 10KW THREE PHASE Hybird Inverter,650W JinkoSolar TIGER NEO 3.0 Panel N-Type TOPCon  ,[3P] HYBIRD SAJ JINKO 21 PCS 650W,"21X 650W JinkoSolar TIGER NEO 3.0 Panel N-Type TOPCon  
1X [3P] SAJ H2 10KW THREE PHASE Hybird Inverter
1X SEDA ATAP Application
TNB Smart Meter Application
Solar System Architecture Design
Electrical System Design
Roof and Site Surveying
Roof Panel Installation
Electrical Works
SkyLift",Residential," RM41,600.00 "
24,10,1X [3P] SAJ H2 10KW THREE PHASE Hybird Inverter,590 Jinko Tiger Neo N-type 72HL4-BDV TOPCon | Bi-Facial,[3P] HYBIRD SAJ JINKO 24 PCS 590W,"24 X Jinko Tiger Neo N-type 72HL4-BDV TOPCon | Bi-Facial (590W)
1X [3P] SAJ H2 10KW THREE PHASE Hybird Inverter
1X SEDA ATAP SOLAR Application
TNB Smart Meter Application
Solar System Architecture Design
Electrical System Design
Roof and Site Surveying
Roof Panel Installation
Electrical Works
SkyLift",Residential," RM42,559.00 ",,,,,23,12,1X [3P] SAJ H2 12KW THREE PHASE Hybird Inverter,620W Jinko Tiger Neo N-type 66HL4M-BDV TOPCon | Bi-Facial  ,[3P] HYBIRD SAJ JINKO 23 PCS 620W,"23X Jinko Tiger Neo N-type 66HL4M-BDV TOPCon | Bi-Facial  (620W)
1X [3P] SAJ H2 12KW THREE PHASE Hybird Inverter
1X SEDA ATAP SOLAR Application
TNB Smart Meter Application
Solar System Architecture Design
Electrical System Design
Roof and Site Surveying
Roof Panel Installation
Electrical Works
SkyLift",Residential," RM42,419.00 ",,,,,22,10,1X [3P] SAJ H2 10KW THREE PHASE Hybird Inverter,650W JinkoSolar TIGER NEO 3.0 Panel N-Type TOPCon  ,[3P] HYBIRD SAJ JINKO 22 PCS 650W,"22X 650W JinkoSolar TIGER NEO 3.0 Panel N-Type TOPCon  
1X [3P] SAJ H2 10KW THREE PHASE Hybird Inverter
1X SEDA ATAP Application
TNB Smart Meter Application
Solar System Architecture Design
Electrical System Design
Roof and Site Surveying
Roof Panel Installation
Electrical Works
SkyLift",Residential," RM42,815.00 "
25,12,1X [3P] SAJ H2 12KW THREE PHASE Hybird Inverter,590 Jinko Tiger Neo N-type 72HL4-BDV TOPCon | Bi-Facial,[3P] HYBIRD SAJ JINKO 25 PCS 590W,"25 X Jinko Tiger Neo N-type 72HL4-BDV TOPCon | Bi-Facial (590W)
1X [3P] SAJ H2 12KW THREE PHASE Hybird Inverter
1X SEDA ATAP SOLAR Application
TNB Smart Meter Application
Solar System Architecture Design
Electrical System Design
Roof and Site Surveying
Roof Panel Installation
Electrical Works
SkyLift",Residential," RM43,650.00 ",,,,,24,12,1X [3P] SAJ H2 12KW THREE PHASE Hybird Inverter,620W Jinko Tiger Neo N-type 66HL4M-BDV TOPCon | Bi-Facial  ,[3P] HYBIRD SAJ JINKO 24 PCS 620W,"24X Jinko Tiger Neo N-type 66HL4M-BDV TOPCon | Bi-Facial  (620W)
1X [3P] SAJ H2 12KW THREE PHASE Hybird Inverter
1X SEDA ATAP SOLAR Application
TNB Smart Meter Application
Solar System Architecture Design
Electrical System Design
Roof and Site Surveying
Roof Panel Installation
Electrical Works
SkyLift",Residential," RM43,461.00 ",,,,,23,12,1X [3P] SAJ H2 12KW THREE PHASE Hybird Inverter,650W JinkoSolar TIGER NEO 3.0 Panel N-Type TOPCon  ,[3P] HYBIRD SAJ JINKO 23 PCS 650W,"23X 650W JinkoSolar TIGER NEO 3.0 Panel N-Type TOPCon  
1X [3P] SAJ H2 12KW THREE PHASE Hybird Inverter
1X SEDA ATAP Application
TNB Smart Meter Application
Solar System Architecture Design
Electrical System Design
Roof and Site Surveying
Roof Panel Installation
Electrical Works
SkyLift",Residential," RM43,920.00 "
26,12,1X [3P] SAJ H2 12KW THREE PHASE Hybird Inverter,590 Jinko Tiger Neo N-type 72HL4-BDV TOPCon | Bi-Facial,[3P] HYBIRD SAJ JINKO 26 PCS 590W,"26 X Jinko Tiger Neo N-type 72HL4-BDV TOPCon | Bi-Facial (590W)
1X [3P] SAJ H2 12KW THREE PHASE Hybird Inverter
1X SEDA ATAP SOLAR Application
TNB Smart Meter Application
Solar System Architecture Design
Electrical System Design
Roof and Site Surveying
Roof Panel Installation
Electrical Works
SkyLift",Residential," RM44,830.00 ",,,,,25,12,1X [3P] SAJ H2 12KW THREE PHASE Hybird Inverter,620W Jinko Tiger Neo N-type 66HL4M-BDV TOPCon | Bi-Facial  ,[3P] HYBIRD SAJ JINKO 25 PCS 620W,"25X Jinko Tiger Neo N-type 66HL4M-BDV TOPCon | Bi-Facial  (620W)
1X [3P] SAJ H2 12KW THREE PHASE Hybird Inverter
1X SEDA ATAP SOLAR Application
TNB Smart Meter Application
Solar System Architecture Design
Electrical System Design
Roof and Site Surveying
Roof Panel Installation
Electrical Works
SkyLift",Residential," RM44,475.00 ",,,,,24,12,1X [3P] SAJ H2 12KW THREE PHASE Hybird Inverter,650W JinkoSolar TIGER NEO 3.0 Panel N-Type TOPCon  ,[3P] HYBIRD SAJ JINKO 24 PCS 650W,"24X 650W JinkoSolar TIGER NEO 3.0 Panel N-Type TOPCon  
1X [3P] SAJ H2 12KW THREE PHASE Hybird Inverter
1X SEDA ATAP Application
TNB Smart Meter Application
Solar System Architecture Design
Electrical System Design
Roof and Site Surveying
Roof Panel Installation
Electrical Works
SkyLift",Residential," RM45,030.00 "
27,12,1X [3P] SAJ H2 12KW THREE PHASE Hybird Inverter,590 Jinko Tiger Neo N-type 72HL4-BDV TOPCon | Bi-Facial,[3P] HYBIRD SAJ JINKO 27 PCS 590W,"27 X Jinko Tiger Neo N-type 72HL4-BDV TOPCon | Bi-Facial (590W)
1X [3P] SAJ H2 12KW THREE PHASE Hybird Inverter
1X SEDA ATAP SOLAR Application
TNB Smart Meter Application
Solar System Architecture Design
Electrical System Design
Roof and Site Surveying
Roof Panel Installation
Electrical Works
SkyLift",Residential," RM45,821.00 ",,,,,26,12,1X [3P] SAJ H2 12KW THREE PHASE Hybird Inverter,620W Jinko Tiger Neo N-type 66HL4M-BDV TOPCon | Bi-Facial  ,[3P] HYBIRD SAJ JINKO 26 PCS 620W,"26X Jinko Tiger Neo N-type 66HL4M-BDV TOPCon | Bi-Facial  (620W)
1X [3P] SAJ H2 12KW THREE PHASE Hybird Inverter
1X SEDA ATAP SOLAR Application
TNB Smart Meter Application
Solar System Architecture Design
Electrical System Design
Roof and Site Surveying
Roof Panel Installation
Electrical Works
SkyLift",Residential," RM45,688.00 ",,,,,25,12,1X [3P] SAJ H2 12KW THREE PHASE Hybird Inverter,650W JinkoSolar TIGER NEO 3.0 Panel N-Type TOPCon  ,[3P] HYBIRD SAJ JINKO 25 PCS 650W,"25X 650W JinkoSolar TIGER NEO 3.0 Panel N-Type TOPCon  
1X [3P] SAJ H2 12KW THREE PHASE Hybird Inverter
1X SEDA ATAP Application
TNB Smart Meter Application
Solar System Architecture Design
Electrical System Design
Roof and Site Surveying
Roof Panel Installation
Electrical Works
SkyLift",Residential," RM46,115.00 "
28,12,1X [3P] SAJ H2 12KW THREE PHASE Hybird Inverter,590 Jinko Tiger Neo N-type 72HL4-BDV TOPCon | Bi-Facial,[3P] HYBIRD SAJ JINKO 28 PCS 590W,"28 X Jinko Tiger Neo N-type 72HL4-BDV TOPCon | Bi-Facial (590W)
1X [3P] SAJ H2 12KW THREE PHASE Hybird Inverter
1X SEDA ATAP SOLAR Application
TNB Smart Meter Application
Solar System Architecture Design
Electrical System Design
Roof and Site Surveying
Roof Panel Installation
Electrical Works
SkyLift",Residential," RM46,813.00 ",,,,,27,12,1X [3P] SAJ H2 12KW THREE PHASE Hybird Inverter,620W Jinko Tiger Neo N-type 66HL4M-BDV TOPCon | Bi-Facial  ,[3P] HYBIRD SAJ JINKO 27 PCS 620W,"27X Jinko Tiger Neo N-type 66HL4M-BDV TOPCon | Bi-Facial  (620W)
1X [3P] SAJ H2 12KW THREE PHASE Hybird Inverter
1X SEDA ATAP SOLAR Application
TNB Smart Meter Application
Solar System Architecture Design
Electrical System Design
Roof and Site Surveying
Roof Panel Installation
Electrical Works
SkyLift",Residential," RM46,712.00 ",,,,,26,12,1X [3P] SAJ H2 12KW THREE PHASE Hybird Inverter,650W JinkoSolar TIGER NEO 3.0 Panel N-Type TOPCon  ,[3P] HYBIRD SAJ JINKO 26 PCS 650W,"26X 650W JinkoSolar TIGER NEO 3.0 Panel N-Type TOPCon  
1X [3P] SAJ H2 12KW THREE PHASE Hybird Inverter
1X SEDA ATAP Application
TNB Smart Meter Application
Solar System Architecture Design
Electrical System Design
Roof and Site Surveying
Roof Panel Installation
Electrical Works
SkyLift",Residential," RM47,400.00 "
29,12,1X [3P] SAJ H2 12KW THREE PHASE Hybird Inverter,590 Jinko Tiger Neo N-type 72HL4-BDV TOPCon | Bi-Facial,[3P] HYBIRD SAJ JINKO 29 PCS 590W,"29 X Jinko Tiger Neo N-type 72HL4-BDV TOPCon | Bi-Facial (590W)
1X [3P] SAJ H2 12KW THREE PHASE Hybird Inverter
1X SEDA ATAP SOLAR Application
TNB Smart Meter Application
Solar System Architecture Design
Electrical System Design
Roof and Site Surveying
Roof Panel Installation
Electrical Works
SkyLift",Residential," RM47,849.00 ",,,,,28,12,1X [3P] SAJ H2 12KW THREE PHASE Hybird Inverter,620W Jinko Tiger Neo N-type 66HL4M-BDV TOPCon | Bi-Facial  ,[3P] HYBIRD SAJ JINKO 28 PCS 620W,"28X Jinko Tiger Neo N-type 66HL4M-BDV TOPCon | Bi-Facial  (620W)
1X [3P] SAJ H2 12KW THREE PHASE Hybird Inverter
1X SEDA ATAP SOLAR Application
TNB Smart Meter Application
Solar System Architecture Design
Electrical System Design
Roof and Site Surveying
Roof Panel Installation
Electrical Works
SkyLift",Residential," RM47,737.00 ",,,,,27,12,1X [3P] SAJ H2 12KW THREE PHASE Hybird Inverter,650W JinkoSolar TIGER NEO 3.0 Panel N-Type TOPCon  ,[3P] HYBIRD SAJ JINKO 27 PCS 650W,"27X 650W JinkoSolar TIGER NEO 3.0 Panel N-Type TOPCon  
1X [3P] SAJ H2 12KW THREE PHASE Hybird Inverter
1X SEDA ATAP Application
TNB Smart Meter Application
Solar System Architecture Design
Electrical System Design
Roof and Site Surveying
Roof Panel Installation
Electrical Works
SkyLift",Residential," RM48,490.00 "
30,12,1X [3P] SAJ H2 12KW THREE PHASE Hybird Inverter,590 Jinko Tiger Neo N-type 72HL4-BDV TOPCon | Bi-Facial,[3P] HYBIRD SAJ JINKO 30 PCS 590W,"30 X Jinko Tiger Neo N-type 72HL4-BDV TOPCon | Bi-Facial (590W)
1X [3P] SAJ H2 12KW THREE PHASE Hybird Inverter
1X SEDA ATAP SOLAR Application
TNB Smart Meter Application
Solar System Architecture Design
Electrical System Design
Roof and Site Surveying
Roof Panel Installation
Electrical Works
SkyLift",Residential," RM48,839.00 ",,,,,29,15,1X [3P] SAJ H2 15KW THREE PHASE Hybird Inverter,620W Jinko Tiger Neo N-type 66HL4M-BDV TOPCon | Bi-Facial  ,[3P] HYBIRD SAJ JINKO 29 PCS 620W,"29X Jinko Tiger Neo N-type 66HL4M-BDV TOPCon | Bi-Facial  (620W)
1X [3P] SAJ H2 15KW THREE PHASE Hybird Inverter
1X SEDA ATAP SOLAR Application
TNB Smart Meter Application
Solar System Architecture Design
Electrical System Design
Roof and Site Surveying
Roof Panel Installation
Electrical Works
SkyLift",Residential," RM49,476.00 ",,,,,28,15,1X [3P] SAJ H2 15KW Hybird Inverter,650W JinkoSolar TIGER NEO 3.0 Panel N-Type TOPCon  ,[3P] HYBIRD SAJ JINKO 28 PCS 650W,"28X 650W JinkoSolar TIGER NEO 3.0 Panel N-Type TOPCon  
1X [3P] SAJ H2 15KW Hybird Inverter
1X SEDA ATAP Application
TNB Smart Meter Application
Solar System Architecture Design
Electrical System Design
Roof and Site Surveying
Roof Panel Installation
Electrical Works
SkyLift",Residential," RM50,370.00 "
31,15,1X [3P] SAJ H2 15KW THREE PHASE Hybird Inverter,590 Jinko Tiger Neo N-type 72HL4-BDV TOPCon | Bi-Facial,[3P] HYBIRD SAJ JINKO 31 PCS 590W,"31 X Jinko Tiger Neo N-type 72HL4-BDV TOPCon | Bi-Facial (590W)
1X [3P] SAJ H2 15KW THREE PHASE Hybird Inverter
1X SEDA ATAP SOLAR Application
TNB Smart Meter Application
Solar System Architecture Design
Electrical System Design
Roof and Site Surveying
Roof Panel Installation
Electrical Works
SkyLift",Residential," RM51,439.00 ",,,,,30,15,1X [3P] SAJ H2 15KW THREE PHASE Hybird Inverter,620W Jinko Tiger Neo N-type 66HL4M-BDV TOPCon | Bi-Facial  ,[3P] HYBIRD SAJ JINKO 30 PCS 620W,"30X Jinko Tiger Neo N-type 66HL4M-BDV TOPCon | Bi-Facial  (620W)
1X [3P] SAJ H2 15KW THREE PHASE Hybird Inverter
1X SEDA ATAP SOLAR Application
TNB Smart Meter Application
Solar System Architecture Design
Electrical System Design
Roof and Site Surveying
Roof Panel Installation
Electrical Works
SkyLift",Residential," RM50,499.00 ",,,,,29,15,1X [3P] SAJ H2 15KW Hybird Inverter,650W JinkoSolar TIGER NEO 3.0 Panel N-Type TOPCon  ,[3P] HYBIRD SAJ JINKO 29 PCS 650W,"29X 650W JinkoSolar TIGER NEO 3.0 Panel N-Type TOPCon  
1X [3P] SAJ H2 15KW Hybird Inverter
1X SEDA ATAP Application
TNB Smart Meter Application
Solar System Architecture Design
Electrical System Design
Roof and Site Surveying
Roof Panel Installation
Electrical Works
SkyLift",Residential," RM51,510.00 "
32,15,1X [3P] SAJ H2 15KW THREE PHASE Hybird Inverter,590 Jinko Tiger Neo N-type 72HL4-BDV TOPCon | Bi-Facial,[3P] HYBIRD SAJ JINKO 32 PCS 590W,"32 X Jinko Tiger Neo N-type 72HL4-BDV TOPCon | Bi-Facial (590W)
1X [3P] SAJ H2 15KW THREE PHASE Hybird Inverter
1X SEDA ATAP SOLAR Application
TNB Smart Meter Application
Solar System Architecture Design
Electrical System Design
Roof and Site Surveying
Roof Panel Installation
Electrical Works
SkyLift",Residential," RM52,924.00 ",,,,,31,15,1X [3P] SAJ H2 15KW THREE PHASE Hybird Inverter,620W Jinko Tiger Neo N-type 66HL4M-BDV TOPCon | Bi-Facial  ,[3P] HYBIRD SAJ JINKO 31 PCS 620W,"31X Jinko Tiger Neo N-type 66HL4M-BDV TOPCon | Bi-Facial  (620W)
1X [3P] SAJ H2 15KW THREE PHASE Hybird Inverter
1X SEDA ATAP SOLAR Application
TNB Smart Meter Application
Solar System Architecture Design
Electrical System Design
Roof and Site Surveying
Roof Panel Installation
Electrical Works
SkyLift",Residential," RM52,462.00 ",,,,,30,15,1X [3P] SAJ H2 15KW Hybird Inverter,650W JinkoSolar TIGER NEO 3.0 Panel N-Type TOPCon  ,[3P] HYBIRD SAJ JINKO 30 PCS 650W,"30X 650W JinkoSolar TIGER NEO 3.0 Panel N-Type TOPCon  
1X [3P] SAJ H2 15KW Hybird Inverter
1X SEDA ATAP Application
TNB Smart Meter Application
Solar System Architecture Design
Electrical System Design
Roof and Site Surveying
Roof Panel Installation
Electrical Works
SkyLift",Residential," RM52,600.00 "
33,15,1X [3P] SAJ H2 15KW THREE PHASE Hybird Inverter,590 Jinko Tiger Neo N-type 72HL4-BDV TOPCon | Bi-Facial,[3P] HYBIRD SAJ JINKO 33 PCS 590W,"33 X Jinko Tiger Neo N-type 72HL4-BDV TOPCon | Bi-Facial (590W)
1X [3P] SAJ H2 15KW THREE PHASE Hybird Inverter
1X SEDA ATAP SOLAR Application
TNB Smart Meter Application
Solar System Architecture Design
Electrical System Design
Roof and Site Surveying
Roof Panel Installation
Electrical Works
SkyLift",Residential," RM53,921.00 ",,,,,32,15,1X [3P] SAJ H2 15KW THREE PHASE Hybird Inverter,620W Jinko Tiger Neo N-type 66HL4M-BDV TOPCon | Bi-Facial  ,[3P] HYBIRD SAJ JINKO 32 PCS 620W,"32X Jinko Tiger Neo N-type 66HL4M-BDV TOPCon | Bi-Facial  (620W)
1X [3P] SAJ H2 15KW THREE PHASE Hybird Inverter
1X SEDA ATAP SOLAR Application
TNB Smart Meter Application
Solar System Architecture Design
Electrical System Design
Roof and Site Surveying
Roof Panel Installation
Electrical Works
SkyLift",Residential," RM53,980.00 ",,,,,31,15,1X [3P] SAJ H2 15KW Hybird Inverter,650W JinkoSolar TIGER NEO 3.0 Panel N-Type TOPCon  ,[3P] HYBIRD SAJ JINKO 31 PCS 650W,"31X 650W JinkoSolar TIGER NEO 3.0 Panel N-Type TOPCon  
1X [3P] SAJ H2 15KW Hybird Inverter
1X SEDA ATAP Application
TNB Smart Meter Application
Solar System Architecture Design
Electrical System Design
Roof and Site Surveying
Roof Panel Installation
Electrical Works
SkyLift",Residential," RM54,630.00 "
34,15,1X [3P] SAJ H2 15KW THREE PHASE Hybird Inverter,590 Jinko Tiger Neo N-type 72HL4-BDV TOPCon | Bi-Facial,[3P] HYBIRD SAJ JINKO 34 PCS 590W,"34 X Jinko Tiger Neo N-type 72HL4-BDV TOPCon | Bi-Facial (590W)
1X [3P] SAJ H2 15KW THREE PHASE Hybird Inverter
1X SEDA ATAP SOLAR Application
TNB Smart Meter Application
Solar System Architecture Design
Electrical System Design
Roof and Site Surveying
Roof Panel Installation
Electrical Works
SkyLift",Residential," RM54,946.00 ",,,,,33,15,1X [3P] SAJ H2 15KW THREE PHASE Hybird Inverter,620W Jinko Tiger Neo N-type 66HL4M-BDV TOPCon | Bi-Facial  ,[3P] HYBIRD SAJ JINKO 33 PCS 620W,"33X Jinko Tiger Neo N-type 66HL4M-BDV TOPCon | Bi-Facial  (620W)
1X [3P] SAJ H2 15KW THREE PHASE Hybird Inverter
1X SEDA ATAP SOLAR Application
TNB Smart Meter Application
Solar System Architecture Design
Electrical System Design
Roof and Site Surveying
Roof Panel Installation
Electrical Works
SkyLift",Residential," RM55,010.00 ",,,,,32,15,1X [3P] SAJ H2 15KW Hybird Inverter,650W JinkoSolar TIGER NEO 3.0 Panel N-Type TOPCon  ,[3P] HYBIRD SAJ JINKO 32 PCS 650W,"32X 650W JinkoSolar TIGER NEO 3.0 Panel N-Type TOPCon  
1X [3P] SAJ H2 15KW Hybird Inverter
1X SEDA ATAP Application
TNB Smart Meter Application
Solar System Architecture Design
Electrical System Design
Roof and Site Surveying
Roof Panel Installation
Electrical Works
SkyLift",Residential," RM56,220.00 "
35,15,1X [3P] SAJ H2 15KW THREE PHASE Hybird Inverter,590 Jinko Tiger Neo N-type 72HL4-BDV TOPCon | Bi-Facial,[3P] HYBIRD SAJ JINKO 35 PCS 590W,"35 X Jinko Tiger Neo N-type 72HL4-BDV TOPCon | Bi-Facial (590W)
1X [3P] SAJ H2 15KW THREE PHASE Hybird Inverter
1X SEDA ATAP SOLAR Application
TNB Smart Meter Application
Solar System Architecture Design
Electrical System Design
Roof and Site Surveying
Roof Panel Installation
Electrical Works
SkyLift",Residential," RM55,945.00 ",,,,,34,15,1X [3P] SAJ H2 15KW THREE PHASE Hybird Inverter,620W Jinko Tiger Neo N-type 66HL4M-BDV TOPCon | Bi-Facial  ,[3P] HYBIRD SAJ JINKO 34 PCS 620W,"34X Jinko Tiger Neo N-type 66HL4M-BDV TOPCon | Bi-Facial  (620W)
1X [3P] SAJ H2 15KW THREE PHASE Hybird Inverter
1X SEDA ATAP SOLAR Application
TNB Smart Meter Application
Solar System Architecture Design
Electrical System Design
Roof and Site Surveying
Roof Panel Installation
Electrical Works
SkyLift",Residential," RM56,068.00 ",,,,,33,15,1X [3P] SAJ H2 15KW Hybird Inverter,650W JinkoSolar TIGER NEO 3.0 Panel N-Type TOPCon  ,[3P] HYBIRD SAJ JINKO 33 PCS 650W,"33X 650W JinkoSolar TIGER NEO 3.0 Panel N-Type TOPCon  
1X [3P] SAJ H2 15KW Hybird Inverter
1X SEDA ATAP Application
TNB Smart Meter Application
Solar System Architecture Design
Electrical System Design
Roof and Site Surveying
Roof Panel Installation
Electrical Works
SkyLift",Residential," RM57,320.00 "
36,15,1X [3P] SAJ H2 15KW THREE PHASE Hybird Inverter,590 Jinko Tiger Neo N-type 72HL4-BDV TOPCon | Bi-Facial,[3P] HYBIRD SAJ JINKO 36 PCS 590W,"36 X Jinko Tiger Neo N-type 72HL4-BDV TOPCon | Bi-Facial (590W)
1X [3P] SAJ H2 15KW THREE PHASE Hybird Inverter
1X SEDA ATAP SOLAR Application
TNB Smart Meter Application
Solar System Architecture Design
Electrical System Design
Roof and Site Surveying
Roof Panel Installation
Electrical Works
SkyLift",Residential," RM56,947.00 ",,,,,35,15,1X [3P] SAJ H2 15KW THREE PHASE Hybird Inverter,620W Jinko Tiger Neo N-type 66HL4M-BDV TOPCon | Bi-Facial  ,[3P] HYBIRD SAJ JINKO 35 PCS 620W,"35X Jinko Tiger Neo N-type 66HL4M-BDV TOPCon | Bi-Facial  (620W)
1X [3P] SAJ H2 15KW THREE PHASE Hybird Inverter
1X SEDA ATAP SOLAR Application
TNB Smart Meter Application
Solar System Architecture Design
Electrical System Design
Roof and Site Surveying
Roof Panel Installation
Electrical Works
SkyLift",Residential," RM57,101.00 ",,,,,34,15,1X [3P] SAJ H2 15KW Hybird Inverter,650W JinkoSolar TIGER NEO 3.0 Panel N-Type TOPCon  ,[3P] HYBIRD SAJ JINKO 34 PCS 650W,"34X 650W JinkoSolar TIGER NEO 3.0 Panel N-Type TOPCon  
1X [3P] SAJ H2 15KW Hybird Inverter
1X SEDA ATAP Application
TNB Smart Meter Application
Solar System Architecture Design
Electrical System Design
Roof and Site Surveying
Roof Panel Installation
Electrical Works
SkyLift",Residential," RM58,450.00 "
37,15,1X [3P] SAJ H2 15KW THREE PHASE Hybird Inverter,590 Jinko Tiger Neo N-type 72HL4-BDV TOPCon | Bi-Facial,[3P] HYBIRD SAJ JINKO 37 PCS 590W,"37 X Jinko Tiger Neo N-type 72HL4-BDV TOPCon | Bi-Facial (590W)
1X [3P] SAJ H2 15KW THREE PHASE Hybird Inverter
1X SEDA ATAP SOLAR Application
TNB Smart Meter Application
Solar System Architecture Design
Electrical System Design
Roof and Site Surveying
Roof Panel Installation
Electrical Works
SkyLift",Residential," RM57,952.00 ",,,,,36,15,1X [3P] SAJ H2 15KW THREE PHASE Hybird Inverter,620W Jinko Tiger Neo N-type 66HL4M-BDV TOPCon | Bi-Facial  ,[3P] HYBIRD SAJ JINKO 36 PCS 620W,"36X Jinko Tiger Neo N-type 66HL4M-BDV TOPCon | Bi-Facial  (620W)
1X [3P] SAJ H2 15KW THREE PHASE Hybird Inverter
1X SEDA ATAP SOLAR Application
TNB Smart Meter Application
Solar System Architecture Design
Electrical System Design
Roof and Site Surveying
Roof Panel Installation
Electrical Works
SkyLift",Residential," RM58,135.00 ",,,,,35,20,1X [3P] SAJ H2 20KW THREE PHASE Hybird Inverter,650W JinkoSolar TIGER NEO 3.0 Panel N-Type TOPCon  ,[3P] HYBIRD SAJ JINKO 35 PCS 650W,"35X 650W JinkoSolar TIGER NEO 3.0 Panel N-Type TOPCon  
1X [3P] SAJ H2 20KW THREE PHASE Hybird Inverter
1X SEDA ATAP Application
TNB Smart Meter Application
Solar System Architecture Design
Electrical System Design
Roof and Site Surveying
Roof Panel Installation
Electrical Works
SkyLift",Residential," RM61,720.00 "
38,20,1X [3P] SAJ H2 20KW THREE PHASE Hybird Inverter,590 Jinko Tiger Neo N-type 72HL4-BDV TOPCon | Bi-Facial,[3P] HYBIRD SAJ JINKO 38 PCS 590W,"38 X Jinko Tiger Neo N-type 72HL4-BDV TOPCon | Bi-Facial (590W)
1X [3P] SAJ H2 20KW THREE PHASE Hybird Inverter
1X SEDA ATAP SOLAR Application
TNB Smart Meter Application
Solar System Architecture Design
Electrical System Design
Roof and Site Surveying
Roof Panel Installation
Electrical Works
SkyLift",Residential," RM61,131.00 ",,,,,37,20,1X [3P] SAJ H2 20KW THREE PHASE Hybird Inverter,620W Jinko Tiger Neo N-type 66HL4M-BDV TOPCon | Bi-Facial  ,[3P] HYBIRD SAJ JINKO 37 PCS 620W,"37X Jinko Tiger Neo N-type 66HL4M-BDV TOPCon | Bi-Facial  (620W)
1X [3P] SAJ H2 20KW THREE PHASE Hybird Inverter
1X SEDA ATAP SOLAR Application
TNB Smart Meter Application
Solar System Architecture Design
Electrical System Design
Roof and Site Surveying
Roof Panel Installation
Electrical Works
SkyLift",Residential," RM61,343.00 ",,,,,36,20,1X [3P] SAJ H2 20KW THREE PHASE Hybird Inverter,650W JinkoSolar TIGER NEO 3.0 Panel N-Type TOPCon  ,[3P] HYBIRD SAJ JINKO 36 PCS 650W,"36X 650W JinkoSolar TIGER NEO 3.0 Panel N-Type TOPCon  
1X [3P] SAJ H2 20KW THREE PHASE Hybird Inverter
1X SEDA ATAP Application
TNB Smart Meter Application
Solar System Architecture Design
Electrical System Design
Roof and Site Surveying
Roof Panel Installation
Electrical Works
SkyLift",Residential," RM63,130.00 "
39,20,1X [3P] SAJ H2 20KW THREE PHASE Hybird Inverter,590 Jinko Tiger Neo N-type 72HL4-BDV TOPCon | Bi-Facial,[3P] HYBIRD SAJ JINKO 39 PCS 590W,"39 X Jinko Tiger Neo N-type 72HL4-BDV TOPCon | Bi-Facial (590W)
1X [3P] SAJ H2 20KW THREE PHASE Hybird Inverter
1X SEDA ATAP SOLAR Application
TNB Smart Meter Application
Solar System Architecture Design
Electrical System Design
Roof and Site Surveying
Roof Panel Installation
Electrical Works
SkyLift",Residential," RM62,521.00 ",,,,,38,20,1X [3P] SAJ H2 20KW THREE PHASE Hybird Inverter,620W Jinko Tiger Neo N-type 66HL4M-BDV TOPCon | Bi-Facial  ,[3P] HYBIRD SAJ JINKO 38 PCS 620W,"38X Jinko Tiger Neo N-type 66HL4M-BDV TOPCon | Bi-Facial  (620W)
1X [3P] SAJ H2 20KW THREE PHASE Hybird Inverter
1X SEDA ATAP SOLAR Application
TNB Smart Meter Application
Solar System Architecture Design
Electrical System Design
Roof and Site Surveying
Roof Panel Installation
Electrical Works
SkyLift",Residential," RM62,385.00 ",,,,,37,20,1X [3P] SAJ H2 20KW THREE PHASE Hybird Inverter,650W JinkoSolar TIGER NEO 3.0 Panel N-Type TOPCon  ,[3P] HYBIRD SAJ JINKO 37 PCS 650W,"37X 650W JinkoSolar TIGER NEO 3.0 Panel N-Type TOPCon  
1X [3P] SAJ H2 20KW THREE PHASE Hybird Inverter
1X SEDA ATAP Application
TNB Smart Meter Application
Solar System Architecture Design
Electrical System Design
Roof and Site Surveying
Roof Panel Installation
Electrical Works
SkyLift",Residential," RM63,940.00 "
40,20,1X [3P] SAJ H2 20KW THREE PHASE Hybird Inverter,590 Jinko Tiger Neo N-type 72HL4-BDV TOPCon | Bi-Facial,[3P] HYBIRD SAJ JINKO 40 PCS 590W,"40 X Jinko Tiger Neo N-type 72HL4-BDV TOPCon | Bi-Facial (590W)
1X [3P] SAJ H2 20KW THREE PHASE Hybird Inverter
1X SEDA ATAP SOLAR Application
TNB Smart Meter Application
Solar System Architecture Design
Electrical System Design
Roof and Site Surveying
Roof Panel Installation
Electrical Works
SkyLift",Residential," RM63,527.00 ",,,,,39,20,1X [3P] SAJ H2 20KW THREE PHASE Hybird Inverter,620W Jinko Tiger Neo N-type 66HL4M-BDV TOPCon | Bi-Facial  ,[3P] HYBIRD SAJ JINKO 39 PCS 620W,"39X Jinko Tiger Neo N-type 66HL4M-BDV TOPCon | Bi-Facial  (620W)
1X [3P] SAJ H2 20KW THREE PHASE Hybird Inverter
1X SEDA ATAP SOLAR Application
TNB Smart Meter Application
Solar System Architecture Design
Electrical System Design
Roof and Site Surveying
Roof Panel Installation
Electrical Works
SkyLift",Residential," RM63,808.00 ",,,,,38,20,1X [3P] SAJ H2 20KW THREE PHASE Hybird Inverter,650W JinkoSolar TIGER NEO 3.0 Panel N-Type TOPCon  ,[3P] HYBIRD SAJ JINKO 38 PCS 650W,"38X 650W JinkoSolar TIGER NEO 3.0 Panel N-Type TOPCon  
1X [3P] SAJ H2 20KW THREE PHASE Hybird Inverter
1X SEDA ATAP Application
TNB Smart Meter Application
Solar System Architecture Design
Electrical System Design
Roof and Site Surveying
Roof Panel Installation
Electrical Works
SkyLift",Residential," RM65,045.00 "
41,20,1X [3P] SAJ H2 20KW THREE PHASE Hybird Inverter,590 Jinko Tiger Neo N-type 72HL4-BDV TOPCon | Bi-Facial,[3P] HYBIRD SAJ JINKO 41 PCS 590W,"41 X Jinko Tiger Neo N-type 72HL4-BDV TOPCon | Bi-Facial (590W)
1X [3P] SAJ H2 20KW THREE PHASE Hybird Inverter
1X SEDA ATAP SOLAR Application
TNB Smart Meter Application
Solar System Architecture Design
Electrical System Design
Roof and Site Surveying
Roof Panel Installation
Electrical Works
SkyLift",Residential," RM64,542.00 ",,,,,40,20,1X [3P] SAJ H2 20KW THREE PHASE Hybird Inverter,620W Jinko Tiger Neo N-type 66HL4M-BDV TOPCon | Bi-Facial  ,[3P] HYBIRD SAJ JINKO 40 PCS 620W,"40X Jinko Tiger Neo N-type 66HL4M-BDV TOPCon | Bi-Facial  (620W)
1X [3P] SAJ H2 20KW THREE PHASE Hybird Inverter
1X SEDA ATAP SOLAR Application
TNB Smart Meter Application
Solar System Architecture Design
Electrical System Design
Roof and Site Surveying
Roof Panel Installation
Electrical Works
SkyLift",Residential," RM64,847.00 ",,,,,39,20,1X [3P] SAJ H2 20KW THREE PHASE Hybird Inverter,650W JinkoSolar TIGER NEO 3.0 Panel N-Type TOPCon  ,[3P] HYBIRD SAJ JINKO 39 PCS 650W,"39X 650W JinkoSolar TIGER NEO 3.0 Panel N-Type TOPCon  
1X [3P] SAJ H2 20KW THREE PHASE Hybird Inverter
1X SEDA ATAP Application
TNB Smart Meter Application
Solar System Architecture Design
Electrical System Design
Roof and Site Surveying
Roof Panel Installation
Electrical Works
SkyLift",Residential," RM66,540.00 "
42,20,1X [3P] SAJ H2 20KW THREE PHASE Hybird Inverter,590 Jinko Tiger Neo N-type 72HL4-BDV TOPCon | Bi-Facial,[3P] HYBIRD SAJ JINKO 42 PCS 590W,"42 X Jinko Tiger Neo N-type 72HL4-BDV TOPCon | Bi-Facial (590W)
1X [3P] SAJ H2 20KW THREE PHASE Hybird Inverter
1X SEDA ATAP SOLAR Application
TNB Smart Meter Application
Solar System Architecture Design
Electrical System Design
Roof and Site Surveying
Roof Panel Installation
Electrical Works
SkyLift",Residential," RM65,539.00 ",,,,,41,20,1X [3P] SAJ H2 20KW THREE PHASE Hybird Inverter,620W Jinko Tiger Neo N-type 66HL4M-BDV TOPCon | Bi-Facial  ,[3P] HYBIRD SAJ JINKO 41 PCS 620W,"41X Jinko Tiger Neo N-type 66HL4M-BDV TOPCon | Bi-Facial  (620W)
1X [3P] SAJ H2 20KW THREE PHASE Hybird Inverter
1X SEDA ATAP SOLAR Application
TNB Smart Meter Application
Solar System Architecture Design
Electrical System Design
Roof and Site Surveying
Roof Panel Installation
Electrical Works
SkyLift",Residential," RM65,895.00 ",,,,,40,20,1X [3P] SAJ H2 20KW THREE PHASE Hybird Inverter,650W JinkoSolar TIGER NEO 3.0 Panel N-Type TOPCon  ,[3P] HYBIRD SAJ JINKO 40 PCS 650W,"40X 650W JinkoSolar TIGER NEO 3.0 Panel N-Type TOPCon  
1X [3P] SAJ H2 20KW THREE PHASE Hybird Inverter
1X SEDA ATAP Application
TNB Smart Meter Application
Solar System Architecture Design
Electrical System Design
Roof and Site Surveying
Roof Panel Installation
Electrical Works
SkyLift",Residential," RM67,650.00 "
43,20,1X [3P] SAJ H2 20KW THREE PHASE Hybird Inverter,590 Jinko Tiger Neo N-type 72HL4-BDV TOPCon | Bi-Facial,[3P] HYBIRD SAJ JINKO 43 PCS 590W,"43 X Jinko Tiger Neo N-type 72HL4-BDV TOPCon | Bi-Facial (590W)
1X [3P] SAJ H2 20KW THREE PHASE Hybird Inverter
1X SEDA ATAP SOLAR Application
TNB Smart Meter Application
Solar System Architecture Design
Electrical System Design
Roof and Site Surveying
Roof Panel Installation
Electrical Works
SkyLift",Residential," RM66,543.00 ",,,,,42,20,1X [3P] SAJ H2 20KW THREE PHASE Hybird Inverter,620W Jinko Tiger Neo N-type 66HL4M-BDV TOPCon | Bi-Facial  ,[3P] HYBIRD SAJ JINKO 42 PCS 620W,"42X Jinko Tiger Neo N-type 66HL4M-BDV TOPCon | Bi-Facial  (620W)
1X [3P] SAJ H2 20KW THREE PHASE Hybird Inverter
1X SEDA ATAP SOLAR Application
TNB Smart Meter Application
Solar System Architecture Design
Electrical System Design
Roof and Site Surveying
Roof Panel Installation
Electrical Works
SkyLift",Residential," RM66,925.00 ",,,,,41,20,1X [3P] SAJ H2 20KW THREE PHASE Hybird Inverter,650W JinkoSolar TIGER NEO 3.0 Panel N-Type TOPCon  ,[3P] HYBIRD SAJ JINKO 41 PCS 650W,"41X 650W JinkoSolar TIGER NEO 3.0 Panel N-Type TOPCon  
1X [3P] SAJ H2 20KW THREE PHASE Hybird Inverter
1X SEDA ATAP Application
TNB Smart Meter Application
Solar System Architecture Design
Electrical System Design
Roof and Site Surveying
Roof Panel Installation
Electrical Works
SkyLift",Residential," RM68,765.00 "
44,20,1X [3P] SAJ H2 20KW THREE PHASE Hybird Inverter,590 Jinko Tiger Neo N-type 72HL4-BDV TOPCon | Bi-Facial,[3P] HYBIRD SAJ JINKO 44 PCS 590W,"44 X Jinko Tiger Neo N-type 72HL4-BDV TOPCon | Bi-Facial (590W)
1X [3P] SAJ H2 20KW THREE PHASE Hybird Inverter
1X SEDA ATAP SOLAR Application
TNB Smart Meter Application
Solar System Architecture Design
Electrical System Design
Roof and Site Surveying
Roof Panel Installation
Electrical Works
SkyLift",Residential," RM67,551.00 ",,,,,43,20,1X [3P] SAJ H2 20KW THREE PHASE Hybird Inverter,620W Jinko Tiger Neo N-type 66HL4M-BDV TOPCon | Bi-Facial  ,[3P] HYBIRD SAJ JINKO 43 PCS 620W,"43X Jinko Tiger Neo N-type 66HL4M-BDV TOPCon | Bi-Facial  (620W)
1X [3P] SAJ H2 20KW THREE PHASE Hybird Inverter
1X SEDA ATAP SOLAR Application
TNB Smart Meter Application
Solar System Architecture Design
Electrical System Design
Roof and Site Surveying
Roof Panel Installation
Electrical Works
SkyLift",Residential," RM67,962.00 ",,,,,42,20,1X [3P] SAJ H2 20KW THREE PHASE Hybird Inverter,650W JinkoSolar TIGER NEO 3.0 Panel N-Type TOPCon  ,[3P] HYBIRD SAJ JINKO 42 PCS 650W,"42X 650W JinkoSolar TIGER NEO 3.0 Panel N-Type TOPCon  
1X [3P] SAJ H2 20KW THREE PHASE Hybird Inverter
1X SEDA ATAP Application
TNB Smart Meter Application
Solar System Architecture Design
Electrical System Design
Roof and Site Surveying
Roof Panel Installation
Electrical Works
SkyLift",Residential," RM69,865.00 "
45,20,1X [3P] SAJ H2 20KW THREE PHASE Hybird Inverter,590 Jinko Tiger Neo N-type 72HL4-BDV TOPCon | Bi-Facial,[3P] HYBIRD SAJ JINKO 45 PCS 590W,"45 X Jinko Tiger Neo N-type 72HL4-BDV TOPCon | Bi-Facial (590W)
1X [3P] SAJ H2 20KW THREE PHASE Hybird Inverter
1X SEDA ATAP SOLAR Application
TNB Smart Meter Application
Solar System Architecture Design
Electrical System Design
Roof and Site Surveying
Roof Panel Installation
Electrical Works
SkyLift",Residential," RM68,554.00 ",,,,,44,20,1X [3P] SAJ H2 20KW THREE PHASE Hybird Inverter,620W Jinko Tiger Neo N-type 66HL4M-BDV TOPCon | Bi-Facial  ,[3P] HYBIRD SAJ JINKO 44 PCS 620W,"44X Jinko Tiger Neo N-type 66HL4M-BDV TOPCon | Bi-Facial  (620W)
1X [3P] SAJ H2 20KW THREE PHASE Hybird Inverter
1X SEDA ATAP SOLAR Application
TNB Smart Meter Application
Solar System Architecture Design
Electrical System Design
Roof and Site Surveying
Roof Panel Installation
Electrical Works
SkyLift",Residential," RM69,003.00 ",,,,,43,20,1X [3P] SAJ H2 20KW THREE PHASE Hybird Inverter,650W JinkoSolar TIGER NEO 3.0 Panel N-Type TOPCon  ,[3P] HYBIRD SAJ JINKO 43 PCS 650W,"43X 650W JinkoSolar TIGER NEO 3.0 Panel N-Type TOPCon  
1X [3P] SAJ H2 20KW THREE PHASE Hybird Inverter
1X SEDA ATAP Application
TNB Smart Meter Application
Solar System Architecture Design
Electrical System Design
Roof and Site Surveying
Roof Panel Installation
Electrical Works
SkyLift",Residential," RM70,970.00 "
46,20,1X [3P] SAJ H2 20KW THREE PHASE Hybird Inverter,590 Jinko Tiger Neo N-type 72HL4-BDV TOPCon | Bi-Facial,[3P] HYBIRD SAJ JINKO 46 PCS 590W,"46 X Jinko Tiger Neo N-type 72HL4-BDV TOPCon | Bi-Facial (590W)
1X [3P] SAJ H2 20KW THREE PHASE Hybird Inverter
1X SEDA ATAP SOLAR Application
TNB Smart Meter Application
Solar System Architecture Design
Electrical System Design
Roof and Site Surveying
Roof Panel Installation
Electrical Works
SkyLift",Residential," RM69,557.00 ",,,,,45,20,1X [3P] SAJ H2 20KW THREE PHASE Hybird Inverter,620W Jinko Tiger Neo N-type 66HL4M-BDV TOPCon | Bi-Facial  ,[3P] HYBIRD SAJ JINKO 45 PCS 620W,"45X Jinko Tiger Neo N-type 66HL4M-BDV TOPCon | Bi-Facial  (620W)
1X [3P] SAJ H2 20KW THREE PHASE Hybird Inverter
1X SEDA ATAP SOLAR Application
TNB Smart Meter Application
Solar System Architecture Design
Electrical System Design
Roof and Site Surveying
Roof Panel Installation
Electrical Works
SkyLift",Residential," RM70,039.00 ",,,,,44,20,1X [3P] SAJ H2 20KW THREE PHASE Hybird Inverter,650W JinkoSolar TIGER NEO 3.0 Panel N-Type TOPCon  ,[3P] HYBIRD SAJ JINKO 44 PCS 650W,"44X 650W JinkoSolar TIGER NEO 3.0 Panel N-Type TOPCon  
1X [3P] SAJ H2 20KW THREE PHASE Hybird Inverter
1X SEDA ATAP Application
TNB Smart Meter Application
Solar System Architecture Design
Electrical System Design
Roof and Site Surveying
Roof Panel Installation
Electrical Works
SkyLift",Residential," RM72,090.00 "
47,20,1X [3P] SAJ H2 20KW THREE PHASE Hybird Inverter,590 Jinko Tiger Neo N-type 72HL4-BDV TOPCon | Bi-Facial,[3P] HYBIRD SAJ JINKO 47 PCS 590W,"47 X Jinko Tiger Neo N-type 72HL4-BDV TOPCon | Bi-Facial (590W)
1X [3P] SAJ H2 20KW THREE PHASE Hybird Inverter
1X SEDA ATAP SOLAR Application
TNB Smart Meter Application
Solar System Architecture Design
Electrical System Design
Roof and Site Surveying
Roof Panel Installation
Electrical Works
SkyLift",Residential," RM70,566.00 ",,,,,46,20,1X [3P] SAJ H2 20KW THREE PHASE Hybird Inverter,620W Jinko Tiger Neo N-type 66HL4M-BDV TOPCon | Bi-Facial  ,[3P] HYBIRD SAJ JINKO 46 PCS 620W,"46X Jinko Tiger Neo N-type 66HL4M-BDV TOPCon | Bi-Facial  (620W)
1X [3P] SAJ H2 20KW THREE PHASE Hybird Inverter
1X SEDA ATAP SOLAR Application
TNB Smart Meter Application
Solar System Architecture Design
Electrical System Design
Roof and Site Surveying
Roof Panel Installation
Electrical Works
SkyLift",Residential," RM71,075.00 ",,,,,45,20,1X [3P] SAJ H2 20KW THREE PHASE Hybird Inverter,650W JinkoSolar TIGER NEO 3.0 Panel N-Type TOPCon  ,[3P] HYBIRD SAJ JINKO 45 PCS 650W,"45X 650W JinkoSolar TIGER NEO 3.0 Panel N-Type TOPCon  
1X [3P] SAJ H2 20KW THREE PHASE Hybird Inverter
1X SEDA ATAP Application
TNB Smart Meter Application
Solar System Architecture Design
Electrical System Design
Roof and Site Surveying
Roof Panel Installation
Electrical Works
SkyLift",Residential," RM73,190.00 "
48,20,1X [3P] SAJ H2 20KW THREE PHASE Hybird Inverter,590 Jinko Tiger Neo N-type 72HL4-BDV TOPCon | Bi-Facial,[3P] HYBIRD SAJ JINKO 48 PCS 590W,"48 X Jinko Tiger Neo N-type 72HL4-BDV TOPCon | Bi-Facial (590W)
1X [3P] SAJ H2 20KW THREE PHASE Hybird Inverter
1X SEDA ATAP SOLAR Application
TNB Smart Meter Application
Solar System Architecture Design
Electrical System Design
Roof and Site Surveying
Roof Panel Installation
Electrical Works
SkyLift",Residential," RM71,574.00 ",,,,,47,20,1X [3P] SAJ H2 20KW THREE PHASE Hybird Inverter,620W Jinko Tiger Neo N-type 66HL4M-BDV TOPCon | Bi-Facial  ,[3P] HYBIRD SAJ JINKO 47 PCS 620W,"47X Jinko Tiger Neo N-type 66HL4M-BDV TOPCon | Bi-Facial  (620W)
1X [3P] SAJ H2 20KW THREE PHASE Hybird Inverter
1X SEDA ATAP SOLAR Application
TNB Smart Meter Application
Solar System Architecture Design
Electrical System Design
Roof and Site Surveying
Roof Panel Installation
Electrical Works
SkyLift",Residential," RM72,117.00 ",,,,,46,25,1X [3P] SAJ H2 20KW THREE PHASE Hybird Inverter,650W JinkoSolar TIGER NEO 3.0 Panel N-Type TOPCon  ,[3P] HYBIRD SAJ JINKO 46 PCS 650W,"46X 650W JinkoSolar TIGER NEO 3.0 Panel N-Type TOPCon  
1X [3P] SAJ H2 20KW THREE PHASE Hybird Inverter
1X SEDA ATAP Application
TNB Smart Meter Application
Solar System Architecture Design
Electrical System Design
Roof and Site Surveying
Roof Panel Installation
Electrical Works
SkyLift",Residential," RM74,295.00 "
,,,,,,,,,,,,48,20,1X [3P] SAJ H2 20KW THREE PHASE Hybird Inverter,620W Jinko Tiger Neo N-type 66HL4M-BDV TOPCon | Bi-Facial  ,[3P] HYBIRD SAJ JINKO 48 PCS 620W,"48X Jinko Tiger Neo N-type 66HL4M-BDV TOPCon | Bi-Facial  (620W)
1X [3P] SAJ H2 20KW THREE PHASE Hybird Inverter
1X SEDA ATAP SOLAR Application
TNB Smart Meter Application
Solar System Architecture Design
Electrical System Design
Roof and Site Surveying
Roof Panel Installation
Electrical Works
SkyLift",Residential," RM73,158.00 ",,,,,47,25,1X [3P] SAJ H2 20KW THREE PHASE Hybird Inverter,650W JinkoSolar TIGER NEO 3.0 Panel N-Type TOPCon  ,[3P] HYBIRD SAJ JINKO 47 PCS 650W,"47X 650W JinkoSolar TIGER NEO 3.0 Panel N-Type TOPCon  
1X [3P] SAJ H2 20KW THREE PHASE Hybird Inverter
1X SEDA ATAP Application
TNB Smart Meter Application
Solar System Architecture Design
Electrical System Design
Roof and Site Surveying
Roof Panel Installation
Electrical Works
SkyLift",Residential," RM75,410.00 "
,,,,,,,,,,,,,,,,,,,,,,,,48,25,1X [3P] SAJ H2 20KW THREE PHASE Hybird Inverter,650W JinkoSolar TIGER NEO 3.0 Panel N-Type TOPCon  ,[3P] HYBIRD SAJ JINKO 48 PCS 650W,"48X 650W JinkoSolar TIGER NEO 3.0 Panel N-Type TOPCon  
1X [3P] SAJ H2 20KW THREE PHASE Hybird Inverter
1X SEDA ATAP Application
TNB Smart Meter Application
Solar System Architecture Design
Electrical System Design
Roof and Site Surveying
Roof Panel Installation
Electrical Works
SkyLift",Residential," RM76,520.00 "
